2.7282531;7.5144569
-0.34427023;2.6866496
-12.145559;22.709212
11.186334;16.799473
3.5141722;5.5718855
-11.912745;20.966102
-11.871749;22.872148
-12.562053;21.746412
-11.999626;22.218378
13.336751;21.01064
1.8743728;3.0205624
-13.114082;22.111244
-3.7825262;-1.1235903
-0.028161937;3.7449805
-12.604938;23.89439
-12.954321;23.683587
-0.11232735;4.4763257
-12.637443;22.69117
-13.898631;23.397245
-13.780473;22.955256
4.777247;4.2529463
-12.339405;22.974684
-3.311147;-2.546785
0.74653657;5.2520306
-11.656585;22.028539
-0.31943705;2.6808117
2.0204001;-5.2173973
6.1566497;6.741472
-5.653795;-3.337793
5.7981736;8.0368569
6.3569503;9.7494214
7.5619073;9.5494098
5.4032052;9.3805371
-11.563917;22.632087
4.5206639;7.1506602
-14.649918;23.303524
2.9260392;2.4586747
5.9893241;6.6979909
1.1391113;1.1433866
-11.580671;22.071746
-4.3704817;-7.6628031
5.3030219;4.32695
-13.408516;23.73058
-12.659284;22.37662
-0.37634026;5.8129594
-13.50852;23.210677
-14.974379;24.472301
-12.866872;22.224245
-3.7845337;-2.6028087
-4.8064494;-5.6986752
2.9281948;4.7971536
-13.527554;23.197427
0.84043351;5.8572412
-13.006809;21.941324
6.1937736;11.272864
1.7876894;2.9420527
5.9330569;8.6511691
-11.746802;21.480517
-13.231561;22.532492
3.0167242;3.4717001
2.1357249;-0.34784379
-1.9950605;-1.9696017
-12.654805;22.392405
-13.921452;23.017546
6.1116195;12.947615
-14.473279;23.129111
-13.639624;22.578971
-12.789731;23.202832
2.9038261;4.3602061
1.4177771;3.0745696
-12.872755;21.420378
11.567537;17.266758
5.0350921;12.755763
7.2781579;6.1752534
-1.972649;-0.38949521
-14.59812;23.980077
10.573888;14.735673
-12.805845;23.038502
-0.10840677;0.20420989
-14.905378;22.857789
-13.347925;23.311544
-12.279618;22.51846
-13.200183;23.9065
-5.4001411;-8.7302279
-13.55332;23.55557
3.0760804;7.2714497
-3.4496483;-4.7747531
2.8030234;3.9061552
-2.5937128;-9.4186121
0.24357993;1.3882962
-11.851861;22.527931
-11.986101;21.198824
5.027715;2.6032115
-13.376139;22.0008
5.004567;4.6296949
-0.76573583;-5.0507115
1.2837307;3.935729
-0.39805054;-1.3788394
-11.870932;22.807461
-4.6486144;-4.2953278
-14.434684;23.001064
-12.152041;22.615334
3.8341909;9.1230105
-14.626538;23.430733
-11.2493;21.557299
2.1506686;5.5540543
-2.0073955;-0.65815301
8.1859207;9.227102
-12.562454;23.355313
-10.8685;21.596828
-13.162521;23.300661
3.5491243;12.250565
-13.503047;23.38133
-1.7598035;0.28721238
-13.646701;24.043632
-14.541217;23.527512
-0.94697387;-3.1350634
-12.306639;23.547888
5.3612003;7.4103701
5.838787;7.8729637
-8.5634171;-11.020927
3.8734346;7.4278834
-0.75768336;-1.5197222
-12.047106;23.020121
-12.332932;23.038474
-4.8390154;-7.380162
-13.411524;23.519418
-12.553204;22.354369
-14.144742;24.044613
-13.279439;23.909481
-12.86577;24.018525
-12.61101;21.903181
-1.0077801;-3.1894683
-13.262549;23.466785
2.3235483;3.1584793
-14.358143;23.818012
-12.378907;23.597303
-11.908385;22.417069
2.0443053;1.1211498
-14.478959;24.454128
-13.316836;23.936799
-11.720407;21.373812
3.9893387;3.0217289
4.6834697;7.0715365
-13.348846;23.029867
-5.6288785;-9.2561652
-1.928122;-0.48977465
-13.491954;23.637955
3.8147437;2.9379079
-13.424157;24.474659
-12.46674;22.30368
5.2050189;-2.0241461
-11.351864;21.390449
6.2703819;9.6765424
-12.669956;22.443884
-13.362456;23.791104
-13.857138;23.454379
-13.834456;22.771372
1.1178095;0.22242227
0.76142483;-0.31425543
2.2567359;10.159031
-4.56085;-1.7998194
-13.310288;24.491243
1.455427;5.0773069
-13.813994;23.636731
-12.546783;23.352182
-14.288715;23.83269
-12.344919;23.354902
6.1225724;10.082177
-13.846085;23.017935
-12.167305;23.451243
-0.73976476;0.73011793
-11.545628;21.949238
1.0481367;2.3679548
-6.1815724;-5.4146022
2.74295;3.1182295
-14.54414;23.870669
3.7137277;5.6033427
5.8584815;8.1232442
-0.4481043;0.63543017
13.025781;18.226716
-2.0407164;-4.3752615
10.22909;14.692453
-13.183371;23.192683
-13.640085;22.372201
-12.70287;23.106394
-12.85828;23.515579
-11.952378;21.706653
-13.565467;23.640064
3.1267177;6.0457818
-11.417684;21.511139
6.4344553;5.9491346
-5.1703273;-3.526267
-12.236703;22.554912
-10.554741;20.98379
5.9178991;8.8380348
-12.879886;23.777745
-12.179025;22.643518
-0.62772779;6.5346999
-12.479484;22.623186
-13.059572;23.167112
1.7006061;-1.5511066
5.6456704;3.6983079
-13.179805;22.513265
-13.101873;22.470147
2.6631061;6.53904
-0.4077175;5.046027
3.3726842;2.094909
6.5142659;4.6763342
-13.457453;23.229429
-7.24233;-6.5408943
-12.784902;23.135509
-12.451284;23.046688
-12.725438;23.17762
2.6295463;1.1123842
-13.23098;24.878072
-12.847297;22.651108
-12.517252;23.481691
1.8301149;0.2009812
4.7902759;-0.21336934
-12.5764;24.291989
-12.502822;21.14461
-12.807925;23.700037
5.9875639;1.6102623
-11.74232;22.744522
-12.792684;21.821951
-14.278549;22.539346
6.4313086;9.1622988
-12.647249;22.530257
-12.382745;23.232242
-13.378676;23.341108
-12.537398;21.887032
-12.90679;24.289159
12.963778;15.103435
2.3256363;4.7381867
6.5773029;5.7931466
-12.39243;22.890024
-11.261535;21.788286
3.5652212;2.775987
-12.097962;22.558024
-13.088259;22.601882
-10.886976;21.176169
-13.317219;22.846107
6.40735;7.6418981
1.4433195;4.0375177
-11.270663;20.911448
-1.0032572;-1.5614596
-1.7042049;2.1538065
-0.93714598;-5.7357984
13.035954;14.601019
-10.935387;21.488435
-13.709035;24.484885
10.406427;9.4065856
3.3782173;7.9591582
-11.97184;23.221328
-11.512637;21.652947
-12.754807;22.541651
-15.277724;23.440429
-12.481669;21.903005
-12.431427;22.344429
-14.958345;24.586335
-12.652422;22.938757
-14.961731;23.229543
-2.320054;2.6179759
5.1947882;5.9764192
-1.4077066;2.0654136
9.5323284;12.949952
-12.33139;22.47141
6.1923533;5.8724613
4.2349528;6.6588631
1.4150422;4.0801035
1.5955744;2.6532939
-14.01473;23.457398
1.1047276;-3.3771732
-2.9747086;-0.18193132
6.5771913;4.3164243
-3.2558523;2.8287192
-0.58091575;3.8203942
-13.055051;22.955669
-13.521881;22.683208
-12.524747;21.52418
1.9690329;3.1847362
-12.409271;22.309681
-11.583256;22.048532
7.1353717;3.0916027
-14.079872;24.390968
-13.029375;22.601414
-12.03707;21.93146
-12.695559;22.997151
-12.625867;23.306916
-12.917362;22.195401
-12.598923;22.148481
-4.2635887;-3.9299004
5.7856661;11.072976
-12.453813;23.31877
-11.623097;21.926109
-0.82980635;1.4651316
-11.834263;22.588107
-12.58635;23.056776
-0.58490335;-1.7977911
-14.00894;24.237919
-13.831367;23.701563
-12.852348;22.637897
1.928352;2.2818391
-12.860763;22.523779
3.7587801;7.7975829
3.6811519;10.823707
-13.74526;23.089671
2.0962905;6.014633
-11.227156;22.807432
-12.931756;24.31706
3.866233;2.6929913
0.40611572;2.6132847
-12.067321;22.752428
11.449706;15.547876
-13.95824;23.733827
-12.948115;22.104827
-0.74024904;1.7022653
-13.930756;22.631256
-11.588476;21.611544
-14.221963;22.295708
-14.538617;23.751607
-12.68758;22.472541
-12.117081;22.137741
-12.769998;22.754649
-12.680743;22.963696
4.3967181;5.2731084
-13.40664;23.540278
-12.703115;22.055473
1.4830054;8.5134274
1.5406575;1.0244171
-0.7731654;1.0277649
-13.144338;23.580666
-12.657821;22.349216
-13.15385;21.981404
-14.530145;23.770048
-11.55966;21.118502
-12.588866;22.81151
3.4583204;6.9892939
3.6589937;8.755029
7.6845727;10.489854
-12.803568;24.162484
-11.154795;22.18602
-10.771918;22.234692
0.10293916;0.052130284
4.9958725;8.3547499
3.3245178;9.0442164
-4.9250035;-6.7708106
-12.857778;23.099733
1.2245138;2.3310883
-12.33259;21.17426
-12.729873;22.381298
0.54276588;1.6896852
7.220516;10.949018
3.501861;5.2576703
-12.437386;24.178158
-12.792182;22.884463
3.6039021;4.0764255
5.2634601;3.3966871
-12.641219;23.601643
5.5767673;5.0885084
5.4500442;9.6132381
-14.02451;22.905295
-13.0766;24.330505
2.4527031;1.9257409
-13.471008;22.596586
0.26162378;-0.28359218
6.4599911;15.695284
-1.1414789;0.13624279
-0.32149186;2.3410189
-15.072751;24.104063
-11.942058;23.174464
10.845456;14.574107
9.0913449;11.477128
13.322534;17.425941
-11.290445;21.226348
-12.070698;22.737203
-14.456211;24.36818
-13.604947;23.640378
8.8507671;14.280447
3.1238012;5.2548428
-12.742414;23.36511
-2.9861548;-2.1738626
-12.997336;22.489796
-12.345853;22.679132
-11.523541;22.105063
5.708977;6.989975
0.37299689;1.554952
9.9145031;11.638714
2.0518593;3.0595436
-11.136207;21.328996
-12.294519;22.694133
-14.522696;24.581674
-1.0713428;6.2221961
2.1775543;2.3834684
-13.213847;24.788765
3.2498054;-0.036321166
-12.367024;22.631748
1.5353619;-0.80035711
-12.041992;23.274051
5.4677078;3.8373923
-3.0918062;2.0970503
-13.412751;23.95231
2.4886047;0.41803812
-14.726407;23.570527
-4.8181238;-3.5024199
-13.772631;22.729471
7.5073643;12.414097
-14.028612;23.396886
-13.193149;21.00723
6.057391;6.9621234
-0.87375457;-2.8094813
6.1359953;6.413783
-12.602398;22.194798
-11.618592;21.352155
-12.344635;21.691294
-4.9139337;-3.7258089
0.55217125;0.60778754
-12.978436;22.694488
9.3158342;12.3052
4.327638;8.1588508
-3.0907075;-1.2849672
-11.338915;21.50229
-12.958267;23.373152
-0.055111009;8.4588708
0.79324996;3.6775464
-0.48927984;1.3856591
-11.83939;22.671117
0.79980398;6.4150191
3.6805557;7.7687772
2.1476338;3.7862629
4.6702843;5.2184834
-12.715197;22.8308
-11.916587;21.569722
-0.4036271;3.960268
-11.328738;21.295969
-3.4042595;-4.6436189
8.2545392;12.949472
-13.79666;24.588769
-13.929047;24.234721
-12.603225;21.833108
-14.019104;23.236463
8.4224707;9.6966416
-13.657401;23.525508
-0.31884478;0.13786693
-13.719973;23.634013
2.6520063;3.7391471
-10.796472;20.415548
-12.895091;23.135233
4.221908;9.7010509
1.5237716;5.3819523
8.244931;9.2809592
-11.040668;21.822809
-12.96014;22.531603
-13.339759;22.272624
-1.3234174;0.73163339
-12.652088;23.070589
7.3439381;9.7289563
-5.3518117;-6.6617992
5.0639059;8.017936
-12.725266;23.057001
-0.26354376;-10.70478
-2.5598492;1.1179128
3.0968537;1.7780217
-12.035403;23.138732
-12.193637;23.261443
-12.003895;22.422759
0.88476605;6.1141406
2.0801097;5.7616563
-14.220023;23.962402
1.0750831;0.5455554
-2.6195561;-2.6915694
-12.991056;23.362544
-13.291389;23.52983
5.293559;4.9397423
2.7529011;2.4337259
-12.899328;23.488804
-1.6433187;-3.0280595
-0.11943923;3.2999727
8.9389306;10.915067
-11.666365;22.823226
15.282373;20.844885
-11.735499;21.87886
-12.586871;22.821259
2.7246537;1.7348966
-13.203967;23.518578
-1.4772205;2.1989038
-12.97055;22.964965
-2.3235756;-0.93405178
-11.995763;21.741894
-12.307467;22.465767
-11.206317;21.905116
1.4296908;4.1397108
-12.550769;22.437879
-1.9263635;-5.4705203
-14.287407;24.03311
-12.423181;21.980167
-12.779001;23.722206
2.7300613;0.66850512
-11.732219;23.234278
-0.50586519;1.4365294
-14.406971;24.873717
-5.7398519;-7.073155
0.44678576;2.4076999
3.1528044;2.4237354
-7.270856;-5.8336924
-3.8258851;1.4340447
-0.55275092;-3.1598486
6.3288197;9.6606243
-13.727121;24.077366
-4.5448953;-5.0297492
-13.291629;22.6215
6.5312657;10.027547
1.4917215;-1.7891293
6.40054;7.1292462
-14.166445;23.376623
-13.751404;24.337192
-11.674191;21.770043
-14.061988;23.755424
2.1921893;4.0169018
-14.19607;23.717132
-13.411016;22.990569
6.1334742;11.358897
3.0484598;1.4943804
-12.228158;22.521869
-13.063966;22.777907
5.4285756;5.4600716
6.1239801;12.029552
-12.137265;22.204143
-3.176238;-0.18051294
0.54612005;3.5596186
-12.870613;23.145612
-11.419901;21.965749
1.1884618;5.3424184
-13.047135;23.39454
10.616643;13.26386
1.5110701;-2.2669773
-1.6639204;-1.2726525
-11.370334;21.637253
-13.934749;22.689301
-13.15456;23.037005
5.5472975;6.4425891
12.868979;14.239166
-13.571439;23.735399
-12.182861;24.282475
0.14158219;4.8992936
-0.18347961;1.399738
-13.166767;21.906585
-13.284751;23.45019
-1.1612435;-1.5514886
3.0492879;7.9591463
-10.796569;-13.12782
8.7643744;11.91687
0.10377674;-10.23821
7.6427493;13.559705
6.3402378;6.7151412
-12.867305;22.817919
3.1468161;3.375648
3.0871225;-3.5635998
5.064542;4.345426
-12.48405;22.644032
-12.639104;22.793967
-12.497241;22.613136
-13.885564;23.47594
4.7774204;11.474755
-13.537865;24.175807
-13.649857;22.891527
-13.080383;22.830989
-12.650047;23.15307
1.7736586;4.2318213
-12.665613;21.764268
-13.874892;22.854233
-13.423579;22.365037
-13.733863;24.269643
-4.095752;-2.2850746
-12.454894;21.815291
-2.6203129;1.2798899
-13.375419;23.358559
-12.458337;23.715592
-14.621174;24.012989
-12.235201;23.036788
-9.9096865;20.255115
-13.890219;24.749247
-12.453807;21.318017
-11.154753;22.490053
2.7916893;7.8217064
-12.032932;23.094313
-2.5036758;2.310697
-7.5379063;-6.5415035
-14.082401;22.73376
-15.476947;24.279875
2.0161548;0.52165741
-11.281846;21.577439
-13.198873;23.075703
-6.6054804;-7.508885
-2.3401847;-6.597882
-13.014159;24.142943
-13.017747;22.065083
8.5674837;7.9264767
2.2482967;7.5912938
7.8662141;10.218295
4.5051985;4.199253
-0.47954494;-6.412996
1.5390531;4.6451313
-1.0089743;-0.9000531
-12.566558;22.556334
-13.639049;23.929828
-13.102159;23.496952
5.9187108;13.935234
-0.56930499;4.3860989
-13.868925;23.653756
-3.4112986;-4.0674685
-13.103118;23.990156
-6.1269243;-9.9523312
1.468409;1.9150265
-13.288587;22.546251
3.6351621;2.192858
-0.82297981;-5.5214698
10.785656;16.363109
-14.600655;24.124686
-13.485122;22.899396
-13.170381;23.444739
-2.731085;-1.449583
-12.425751;22.548795
-13.1855;23.049161
9.4979561;16.57767
8.2245641;12.255466
7.4837733;11.652762
-12.55239;23.214278
-13.418718;23.442563
-13.127645;22.978171
-14.619869;23.239344
-13.090769;23.504991
-13.360322;22.285745
5.9429475;6.9614906
5.0428882;9.4769792
-12.054403;22.20633
-13.145215;23.417996
3.8054464;3.949698
9.760173;14.565082
-3.9957149;-10.761464
-14.207935;23.261474
5.9247437;12.552176
-13.469939;23.421131
-13.357043;23.564412
-7.2877833;-4.8996544
-11.630288;21.127307
6.8117354;3.8264062
-11.886376;21.452082
-11.826297;21.349002
-1.5458945;0.75589266
-11.654488;21.767523
-11.972176;21.419403
-14.20641;22.989616
5.6589298;9.19838
3.6753373;-0.32632977
-11.740033;22.219138
0.038972214;1.3069087
-13.958446;23.797696
-13.546478;23.093517
-13.369954;23.543086
-13.311564;23.366836
-12.817695;23.739105
-12.489148;23.177654
0.58056175;5.1914863
-13.239429;23.758487
-3.9558553;-7.4505496
4.3316852;8.1860672
-11.854336;21.526005
0.12029231;-3.0749486
-3.9859621;-0.077450931
-13.174162;24.371069
-6.8584021;-7.116175
1.5755004;4.2972238
-14.521679;25.336471
7.4013986;6.9501766
0.61261552;10.586935
7.5637181;13.712954
-14.535033;23.72152
-3.1618236;-2.4113627
2.9845791;1.1951408
7.1837239;13.224578
-14.517446;24.455336
6.6368894;3.9959067
6.8477173;5.7585622
-13.448015;23.693256
-13.229921;22.974217
-12.279975;23.653688
-12.342255;22.321773
-12.146603;21.338245
-2.790004;-3.2429362
-12.042509;22.428274
5.0165593;2.6178856
6.0729916;4.0564744
3.4889597;9.883379
-13.698667;24.166849
-12.47938;21.247986
-13.191623;24.355779
5.5568364;10.197486
-14.025666;23.914905
-1.2639391;-3.0200825
4.9306999;10.247955
-11.566408;21.395925
-12.419895;22.458692
-3.2912155;-1.723266
-13.628795;23.053755
-14.644008;25.322716
-12.55504;22.689836
-2.126177;0.34345585
-2.2044112;3.1998479
3.2309975;0.40712791
2.1810013;-0.601665
7.8396426;12.208425
-11.26929;22.107452
-12.649198;23.086219
6.1104985;6.258059
-12.861692;23.237843
-1.6640552;1.7746005
3.6747916;3.9729924
-12.546867;23.866218
6.8754011;4.9454823
-12.563705;22.14861
-2.0037881;-1.9308026
9.9941808;13.636932
-13.967776;22.542702
-5.7324636;-9.1451729
-12.62247;22.300004
2.4803807;2.9329312
-10.799979;20.08565
-12.858863;22.452871
-3.7462238;-10.056499
14.563267;15.71519
-12.100607;22.104896
-11.854188;22.559842
-13.739016;23.754227
-12.543902;22.754502
1.9476786;1.9553417
-14.190437;23.924435
7.3848852;8.1033618
4.5000085;5.0726782
8.253201;8.7061735
-12.224519;22.513371
-14.157622;22.982165
-13.232278;23.884421
4.5318019;5.686767
-13.435802;23.129853
-13.506853;22.668828
-14.001457;23.619074
2.0067047;-0.07615093
2.3743798;0.75700938
-11.444224;22.444025
-10.490214;21.625036
1.0612904;-2.1152149
-10.784197;21.186056
-13.176894;23.706443
3.7977942;9.3703271
-14.568829;24.200375
4.4699426;3.5822664
4.1487771;7.3522825
-1.2250839;3.4762748
2.9889609;7.8249094
-13.291272;23.449222
-15.40509;26.043712
-12.146648;22.690768
-1.7547489;-2.5983475
7.8362904;8.374955
-12.930159;23.169766
3.0944064;0.72289716
1.3746588;5.7347911
5.5029433;6.6431226
1.345179;1.2642171
1.0825168;-3.1356071
-13.117377;22.298019
-0.83644594;-2.0849777
-13.126919;22.903328
-13.808408;23.710928
-13.943306;22.885773
-10.675342;21.571695
-3.8497403;-2.6303105
-12.624081;21.953234
-1.9349492;0.28324605
3.0640126;5.1541491
-11.807224;21.459655
-12.908266;22.010327
4.1470702;7.7991597
-1.3868992;0.93906119
4.8288504;8.5813667
-12.176862;23.311083
-11.603289;20.61569
-12.445363;22.159469
1.4847407;-1.0697278
-12.542746;21.760853
0.92766362;-0.082744296
6.2011974;14.239993
5.8903191;7.9639889
2.613234;0.60068067
0.31546145;-2.7415862
-12.9213;23.657906
6.9996467;8.5443753
-13.327694;23.938267
-11.827841;23.302381
4.1278719;4.1786982
0.16183805;5.2526573
4.7506409;4.7038737
1.8166719;7.1639425
1.9610115;0.25955703
0.15284851;6.8725571
10.069881;11.63796
-12.512509;22.321958
1.9457201;6.4099529
-11.247155;22.780369
1.1085923;1.0289672
2.0989276;4.7964761
7.6502268;8.8584428
-12.464691;22.311629
-14.433694;23.323633
-14.351433;23.613498
-11.861674;22.499686
-13.965553;22.618058
-3.7596927;-3.4767054
-1.6689561;-2.7330406
3.0431335;2.6495506
-12.822401;23.600389
1.873718;3.5919047
-2.0308776;-5.9434796
-13.147965;22.775596
-13.774247;25.101645
0.47262021;3.055498
-0.33325024;-0.019663919
6.0282903;6.4210632
4.4206827;7.2214828
-12.058875;23.147308
-7.4056917;-4.1927171
3.1573272;0.72325768
-11.932559;21.526145
6.0633597;9.3024002
0.87797778;1.2397997
-0.43741405;0.1102524
7.0180848;8.0560675
-13.774919;23.526797
-14.830471;24.708589
-12.308663;22.264111
-13.633629;24.659411
-12.580977;21.924234
1.5730303;2.2189099
-10.090491;20.928879
1.5462824;2.1781005
4.3673497;2.7629268
4.9847796;8.3436864
-13.433043;22.785087
-13.32585;22.954316
-2.2434006;-1.3104745
-13.9699;22.850445
-10.569528;20.86967
-14.589741;25.159288
-12.454261;22.392532
2.7338076;4.8873904
-13.914059;22.502742
-12.991435;22.493362
-13.376592;23.102747
-11.647795;22.824857
3.0512777;8.0777065
-12.798919;22.774549
-2.3214902;2.712027
-0.45894552;1.2448668
-6.7032743;-8.4589378
1.8652835;1.1954067
-13.818393;22.844052
-12.461133;23.632958
8.1623094;10.13056
-11.691793;22.10497
-13.478443;22.962049
-0.92603967;-4.7556506
-12.703799;21.994647
-13.795207;24.180712
-1.8886004;3.7297909
-11.85904;22.073902
-14.550093;24.019281
-13.087357;24.451319
10.149178;15.319603
5.7470357;11.329196
-12.977042;22.43868
2.3871646;0.89852587
-3.4849288;-3.4641962
-0.47753171;1.5286457
2.6892464;4.1923011
2.2988611;4.1150069
-13.540657;23.402706
10.093407;10.151042
-14.066977;24.143364
7.095651;6.8445059
9.237597;11.098373
-13.005892;23.227299
4.2106808;4.4887157
-10.799455;21.603951
-11.089322;20.777956
2.4215469;8.1918736
-14.036353;23.664739
4.9296593;6.8689379
-0.86674499;0.49132928
-12.172993;21.752312
-12.846619;23.03102
-14.973707;23.69695
-1.8664955;3.3631024
-13.724081;24.148253
-12.744148;22.924884
-12.375743;23.400396
-11.63353;20.791894
4.6816601;3.9398282
-14.793112;23.97851
7.5949686;7.7561319
4.7481196;-1.9351529
5.1799141;8.0214035
-13.533168;23.881784
-13.363025;22.888467
-5.1859866;-2.956649
3.1221948;8.1668212
-14.73955;23.805038
-11.767497;21.717719
-11.874298;21.935355
3.9628626;5.2975682
-11.055346;20.698426
1.4909004;4.7772792
-14.074184;23.498235
-7.3490083;-9.1548109
-10.918857;22.275107
-12.527746;22.739308
2.4542646;9.3588956
-10.921228;20.997124
-14.321764;23.405737
9.5689924;12.592499
-13.355341;22.721967
7.2754844;10.2423
-11.852586;22.585275
8.3111201;11.5867
-0.57006842;0.94643945
-13.6257;24.295751
7.2565267;4.3217576
-2.5324433;5.7678564
4.0489865;10.206729
2.1681499;-1.7377477
-13.417153;23.614648
1.3912427;-0.33815849
-13.371501;21.935275
1.897367;4.951226
6.6406157;13.966708
-12.637872;22.512666
1.7388121;3.4279323
-13.35879;23.5979
-12.797195;23.203485
-13.654413;23.334483
-12.49267;22.977779
-11.132396;22.75692
2.674834;1.2780244
-12.283795;21.193812
-14.952007;24.553783
-11.979423;21.352263
0.0027084349;2.4474812
-12.236891;21.670203
-13.557706;23.375597
7.2048441;7.8803067
7.0078623;8.3522261
6.9212676;7.5383261
-12.894777;23.536257
4.8942265;6.1864008
-4.7218654;-3.1650881
2.8538676;8.6788742
1.7323508;1.1763664
-14.813651;25.064683
-12.264323;21.605052
-13.942525;24.039355
-12.863335;22.845964
-12.219998;21.805728
-3.9284347;2.1462783
-3.7791822;-2.7789869
1.3317732;1.8897318
-12.932867;23.056405
0.96163773;-0.090516475
-0.67370608;0.87451059
-14.459948;24.514008
-0.91620021;-1.479623
-2.7850097;-3.588579
6.2088917;9.4030466
-2.2204796;2.3743411
-13.025347;23.401869
-14.363832;23.741664
-12.816302;22.871974
6.6937975;7.9857525
-13.779476;25.084044
-13.598259;23.788785
-13.672732;24.290298
1.6605062;-0.51453639
-11.446087;22.510928
3.99694;3.1962919
-13.751541;23.148743
8.4959224;11.247528
3.5323527;4.1432295
-13.774063;23.826632
-1.8819158;3.2225373
5.8145957;8.0565406
-0.3296827;-3.9268168
-13.087498;22.872559
-13.165746;22.070637
2.8626638;12.17593
4.0937839;4.5165472
-11.621572;21.721213
8.0514883;9.4271635
3.6292402;3.6019441
-1.4501586;-1.355265
-1.8240438;0.48422853
-13.215759;22.414652
-12.454069;23.262158
-14.704973;24.04191
10.01975;9.7701561
3.0435849;5.2430906
-14.156033;23.653971
-11.344211;21.236791
-11.946179;21.544171
-12.073019;23.90348
-14.643538;24.102955
6.6520924;14.229274
-3.8020222;0.49078348
-13.129606;22.519098
2.7000405;4.2195257
-11.532801;21.824812
5.3540513;6.1778484
-12.713463;21.436471
9.7908024;13.303295
2.4473095;1.7577541
-11.414503;22.952635
-2.1762734;-1.2713809
-0.76653163;-2.2602731
-2.6221386;-1.3034327
-4.4726075;-2.4927953
11.202809;11.060972
4.6479753;5.9625692
-12.943225;22.10141
-12.301088;22.100216
2.0799984;2.6647204
9.0064214;9.2378007
-12.95086;23.201425
-13.276267;22.074144
-12.075188;22.239393
-13.12809;22.663819
-11.55293;22.96195
-11.395565;21.159422
4.0318845;9.0900322
2.3152757;7.7908173
-12.391489;23.245909
6.4378449;7.2320744
4.7669894;11.55902
7.3374221;7.0716839
-5.1807722;-0.65215156
9.9965315;10.38666
-3.757499;-3.9735359
-11.763684;22.65546
-13.533797;24.570687
-12.494455;21.772363
-11.910661;21.783233
-12.962219;22.751589
-12.601545;22.308486
0.82840877;1.7070378
5.3948496;11.293689
6.7421829;12.163226
-12.962717;24.397991
4.0490514;2.6416696
-2.2947133;1.0236818
-14.599528;23.910946
5.1042762;10.41613
-13.106516;21.624094
-12.014336;22.559344
0.27018611;-1.9055386
5.6662941;10.265087
-12.54567;22.8588
-12.578972;22.499634
6.4413324;8.7840766
-7.0404526;-8.228156
-1.2653329;4.442314
-14.557411;23.263542
-14.434529;23.405287
-12.450774;23.491284
-12.644214;23.462928
-14.851206;24.122172
11.156728;17.680354
3.805986;3.7217323
3.6866059;9.5800917
-15.978544;25.313842
-3.8222533;-0.62567372
5.9926929;4.6621454
-13.757764;23.818079
10.73128;18.925453
-5.2217827;-0.50259894
-13.919826;23.093428
-12.890899;24.30774
8.7039376;12.597284
0.68427037;0.0080886053
4.3507005;7.3376849
11.486243;11.825823
1.7314587;-2.8875797
-3.1391582;-0.63340279
-0.85288551;-3.3164491
-10.823593;20.972776
-1.3807984;-7.331302
3.94698;7.6136858
-14.231348;23.955887
-11.927047;21.86514
-12.337021;22.891252
6.2337862;3.9552105
-14.305257;24.375061
-13.873935;23.742023
0.72050043;3.7787215
-1.8782058;0.097805692
-10.757769;20.091614
4.7154222;5.1578578
-14.079049;23.850788
-12.245971;22.49293
-13.4114;22.972727
-6.3512138;-3.5129769
1.9372612;3.8314616
-13.917032;23.305404
-14.0602;25.264788
-0.74540017;4.1333271
-13.532222;23.103777
-12.997951;22.053705
5.0241055;7.7874392
3.2836468;6.2449424
-3.15834;-3.8875009
-12.76136;22.234981
-12.981866;22.713571
-12.478124;22.550231
-12.786241;22.795834
1.0720441;9.7203257
-15.055807;24.194731
-0.51989391;1.7257032
-1.3673928;3.7657181
5.4852616;4.4034904
0.21422276;0.34192472
-12.929602;23.147456
-11.823482;22.71727
1.646925;3.4854634
-12.303121;23.065026
-2.2326558;-3.1024604
-13.970524;24.820499
-11.6982;23.342153
-12.318773;23.457456
8.5068101;15.371813
-0.57542786;-1.0316639
-13.531839;22.474369
-12.661924;22.413037
0.068581571;-2.2079842
-14.716047;25.076119
3.371816;4.4747874
-12.853892;22.572931
-12.969421;22.028757
-12.932409;23.722125
-11.354969;21.480508
-12.631717;23.204354
11.054756;12.603408
-0.40236078;7.2351895
2.9839837;6.1562817
-13.050684;22.939212
-0.93818973;-0.49611713
-14.114291;23.408884
-11.502606;23.414134
-2.5585298;-0.61792715
-13.288717;23.62332
12.037261;14.623009
-12.326134;22.978248
3.1275364;3.7014335
-12.530459;22.961716
-13.763581;24.343075
5.5257628;15.770326
-12.683101;22.835755
1.5028064;-3.9968844
2.9814656;0.85226731
-13.556332;25.45436
-14.40787;24.399855
1.6753289;6.3149403
-12.607866;22.768025
5.8934345;6.4437311
-12.464773;22.26599
0.97618389;1.3104319
10.691319;8.5179907
4.666894;5.6589175
-15.377087;24.211051
-13.546931;23.547024
-3.3239737;1.6546458
-12.653475;22.07799
-14.369195;23.444945
5.9877782;12.673244
-12.903785;24.457907
9.2951379;6.3625652
-0.84222824;1.3589785
-13.656453;23.044906
1.9661635;-2.2206434
-1.584592;4.9501782
2.6423768;2.867473
2.4713282;2.2967749
0.97227119;6.0470843
7.6245999;13.108594
-12.457713;22.121058
-11.45381;22.447073
0.61408901;3.7853423
-0.94940744;-3.2019079
-0.78185607;1.0406777
-13.55227;22.505798
-13.392172;22.245674
-15.166817;24.639636
-11.443247;22.340815
3.1189547;-3.47112
-10.394235;20.78395
-12.388165;22.432496
-13.859843;22.510422
-11.937104;22.448547
6.2748234;6.4123749
-13.912397;23.5085
-12.238083;22.737691
-10.770127;21.400282
-14.265754;23.521612
5.4734136;11.429322
1.486244;6.8646604
7.0515795;10.76161
-12.651252;21.403974
9.2365919;11.879245
5.7659572;8.4229083
-13.694148;23.888628
7.315557;14.08252
-13.72224;22.835348
3.3520165;6.2005119
-13.308548;22.055043
-13.557705;22.8038
4.9042238;2.4622167
-13.394165;23.053402
-13.39742;23.419941
-12.318133;22.437845
-12.713189;23.246359
7.6010764;9.2721814
7.5502344;9.8084364
3.5656882;7.2041253
-1.5119713;-1.9052184
-14.947341;24.780219
-13.211772;23.747922
-14.22914;24.049631
0.011859149;5.8436573
-12.94146;22.599683
-11.673399;23.688485
6.5353766;7.1376879
-13.551424;22.971747
-12.722186;22.2328
-13.643684;23.295713
1.4148293;1.5404671
-13.613786;23.053996
-13.555195;24.562373
1.1180123;6.9589815
-12.338917;21.988508
-13.84325;23.558777
9.6809105;17.669759
-12.696947;22.527644
-13.524781;23.335085
7.8873801;9.1709174
2.4926274;11.408373
-13.471276;22.578158
-6.1945437;-4.280268
3.469738;7.2656003
-12.647989;22.945649
-13.44465;22.561319
-12.215689;22.398591
-1.4185429;-1.5250607
-13.576492;23.736941
-15.010839;24.948856
-1.0132049;2.9233419
-13.797515;24.650617
-12.37248;21.820062
-12.331808;21.79739
-12.853207;22.676207
-10.517323;21.037557
-1.3041385;-0.72022388
10.547586;13.859063
-12.363323;21.317339
-13.201298;24.231274
-11.915881;23.055885
2.2480277;3.7225554
-13.561535;23.935381
6.6658179;6.8717962
-11.995589;21.260357
-12.362077;21.84462
-14.776644;23.429985
-1.2653852;-1.8230258
1.9013682;0.65609262
0.61793705;-2.5086681
-13.764305;21.984808
0.49557007;1.578049
-13.213294;23.127489
-12.412087;21.744805
-11.872159;20.657432
3.6481172;6.0300001
7.8302403;6.845178
1.2738733;6.4751069
-12.780412;22.612935
-12.716359;23.189179
-12.760154;21.939146
-14.907294;24.347192
11.932459;21.103051
1.2044513;-0.44695158
-14.328395;25.003397
-12.730577;22.932917
-11.905543;22.026247
16.606885;20.28095
-12.218135;22.729519
-0.65707852;2.8278693
-12.310485;21.958842
-13.478948;22.903559
-13.799035;22.676631
-0.74218658;7.7240032
-12.554217;21.953796
1.562859;11.06831
8.8677926;8.7662791
-11.380099;21.610818
-13.974249;22.631354
-13.335367;22.286913
-1.1302336;-1.8545728
-13.246773;22.207033
-12.958097;22.562904
-14.033756;24.667195
-13.004485;23.161259
4.8962317;6.5653264
7.1261132;11.607071
1.240284;-1.6948606
5.1184954;9.9181808
-13.059381;21.733035
-13.183801;23.117513
-4.2770104;-0.59262478
1.592752;0.21895858
-13.637081;24.257926
-11.986117;22.519971
-14.316366;23.828054
-12.818671;22.061796
-2.7891012;1.8104454
-13.219559;22.913962
-2.9704364;-7.4931878
1.7093182;-0.97830006
-13.60042;23.468724
7.2885859;6.4184662
-1.6172655;1.3480608
11.026074;9.3651327
-12.914674;23.576013
-1.9091619;-1.3155664
4.3925145;6.7972976
-3.1831288;-7.847776
0.42077549;-1.3056601
3.3468666;3.5182823
-2.1437172;-2.4144823
-14.447286;22.88336
0.60261612;-0.40368329
-0.019718413;-3.1173941
11.495315;14.670067
-5.618438;-4.8554698
-14.744835;24.170791
-13.125351;22.90614
2.8167243;7.8744869
-0.9454237;-1.1966829
-0.16498106;1.3701881
4.988322;11.171864
0.23632264;-0.30424012
-12.888104;22.464453
3.5799581;4.1871517
-13.323177;21.580354
-2.9926061;-4.2790663
3.3702341;6.7302279
12.350324;9.0659223
9.387536;13.006756
-12.454202;24.269183
-0.20278412;1.1527923
-13.066568;22.337059
-13.399147;23.494338
-13.855604;23.675168
-1.3973346;-3.1116858
-13.516965;24.280066
-12.903939;23.402755
2.8825412;1.8284032
-8.1248855;-9.5070647
-12.847793;23.460125
-6.1701281;-2.4079179
-13.281181;21.911066
-0.88735693;-3.0827268
5.1062488;10.672695
-13.425077;23.818789
11.046501;11.349698
9.2327964;17.453554
-13.598538;24.638505
-12.380949;23.677463
-12.561193;22.661321
4.8488583;10.880464
-13.772419;23.391342
-0.34786777;-2.7443071
-14.565651;24.004321
4.8383507;9.9866864
-12.779264;23.449266
-4.8023525;-2.5116783
9.3131484;6.0549963
-13.343829;23.966907
-13.13962;23.205916
0.1759631;7.4212601
6.7139532;10.348437
-1.0751755;1.7701466
6.0006957;11.584789
4.80363;6.0042597
-14.073338;24.101935
-12.939101;23.276296
3.5614746;7.0275596
-0.41614466;-0.30026029
-13.162538;22.829113
-13.853595;23.701339
-3.0689304;-3.0804014
-4.3492785;-1.0199448
-13.872674;23.232893
1.8078776;1.6852477
-14.288496;23.902527
-2.4369072;0.46346486
-11.961753;21.60115
-13.581573;22.744637
-1.9713252;-2.8941227
5.4711009;4.845565
6.6398046;10.637824
2.7325327;11.099566
4.258422;6.1102688
-13.286834;23.316847
1.4198675;5.040417
-2.8034838;-4.4371513
0.53654207;5.83573
4.629675;4.6021985
-13.004798;23.162445
-12.79702;22.899568
-13.472168;22.960442
4.9159032;13.407257
-13.500923;24.060135
5.7037165;12.481913
-13.269777;21.885061
-13.738462;22.250379
-12.830759;23.370358
1.407569;1.992081
0.8957333;7.0460189
-3.7199822;-3.9010886
0.45170222;4.5266968
3.3515762;3.0448383
-13.547957;22.634464
-12.0756;21.83629
-0.9296304;-1.8179438
7.6702305;10.78786
4.6646422;3.9108199
-1.740631;-0.91051726
5.5482041;10.119592
-2.0556968;-2.4478021
-12.354639;21.775342
-12.810714;23.141336
1.2919912;-1.8732747
3.0964806;4.7209047
-14.81431;24.630028
-13.273373;22.574063
6.6485981;11.973704
-13.301313;23.87928
-4.2127071;-1.0549164
1.4707383;3.7711885
-12.706378;21.859959
-11.902966;22.245208
4.6252181;10.183881
-12.274548;22.994688
-0.045398236;-2.501208
-12.056756;22.1113
-0.10938349;2.2692172
2.1270486;2.7680501
-13.3348;22.168644
0.069415653;2.3875452
10.72625;10.06352
10.51171;8.8690883
0.15877263;-1.7158448
9.0562927;12.055397
-12.729887;22.604233
4.0489687;7.7679636
5.8907719;6.4395428
5.7261946;12.033518
0.72823573;2.5819327
-12.987725;22.579511
-12.798609;22.571309
-14.351892;25.986051
2.4522653;3.3459714
-8.6013418;-7.1650892
-12.467665;21.965483
-13.180282;22.27063
-13.339354;23.424465
-10.969005;20.586465
-0.75259524;-0.90128997
11.207515;14.713757
-1.5406369;-0.81674936
-12.238562;23.367095
2.1021628;3.0476609
6.6428137;5.6953236
0.23843651;5.370491
-13.402267;23.604321
-11.828232;22.668294
0.61467702;6.415116
9.2481545;15.667605
5.6614362;7.7197081
4.3950761;5.6426164
4.3039317;4.1559339
-0.68186772;2.4517585
-12.530996;22.182843
-12.744703;23.473177
-13.923767;22.757063
-12.437782;21.89678
-14.83623;24.898581
-11.926383;21.482758
-11.743832;21.053128
-13.090828;23.359052
-11.856548;21.947749
-8.0593181;-7.0993077
9.1757801;5.0656776
-14.12134;22.69467
8.8177601;8.2767513
-11.500868;22.372229
2.2503767;4.8780981
-11.336538;21.638099
10.139924;18.432891
10.27884;9.3703577
-13.843438;22.83742
-13.979545;23.272278
-6.0295171;-8.8747765
-13.108567;23.64289
-13.7299;24.35325
-4.5366064;-5.3785512
13.344646;21.490418
4.9663279;1.023118
-12.571792;22.213584
-12.454119;22.091209
-2.5501033;5.8321398
-13.55792;22.792978
2.2955841;-2.7122917
-12.430088;22.991488
7.0300335;13.956138
-12.793779;23.050313
-8.9265423;-6.9801603
0.21182109;6.2585723
-13.769325;23.208081
1.8518474;0.25193325
-11.451182;21.021399
-12.991599;22.110963
-13.408265;24.082328
-13.395123;22.883321
-11.67901;21.039585
-12.036777;22.724218
2.5149554;2.3364831
-11.573523;21.616931
-2.821254;0.016782156
-13.919389;24.217714
3.5509739;11.766212
-12.897521;22.645346
3.1812554;7.6784257
4.9387577;11.184928
-3.0525402;-0.23329457
6.7319325;3.9373094
8.6840072;6.6789927
0.59020574;5.3631563
-5.4199844;-5.3375194
-12.348813;22.894261
-12.365023;21.686567
3.075448;10.011687
-13.685732;24.673946
-8.0671282;-10.461435
3.4858361;5.3508578
-13.045865;22.982166
6.6392451;15.224135
1.359106;1.9932043
5.7217788;5.4496695
-12.465822;21.867945
-14.757334;24.852115
-13.360303;23.464484
-15.106293;25.539026
-12.400835;22.459861
-1.9009618;1.7268874
-2.0979401;-5.6801822
-12.393005;21.105339
2.8321664;3.1213984
5.2648867;8.8633851
-13.94283;23.066228
0.14447824;-0.81051743
-12.489212;22.018809
-2.1254222;-2.9745368
-13.843357;23.380165
-13.470915;22.633626
-13.260697;22.457886
3.9005747;7.0270336
-13.346516;23.420278
-5.1024633;-0.16052717
-12.234774;21.543447
-14.822552;24.919657
-12.735471;22.81431
-12.402952;22.786296
3.2479313;6.5426444
5.8179279;7.0787918
-12.987101;22.549212
-2.7937051;1.7588378
-4.0172679;-0.8990854
-13.61597;23.858162
-13.721357;24.204335
9.2640615;11.033434
-6.8534845;-3.9647253
9.1060938;13.721
-12.71774;22.813615
-13.563857;22.976505
5.1389083;5.1680273
-14.26593;23.920742
3.4779684;6.1843675
-1.0506773;1.1818055
6.1358975;7.8361011
-14.214747;24.473173
-13.477656;23.424566
-12.796555;22.54028
2.6661042;5.3348436
-12.615758;22.884552
-13.110606;22.263615
-13.032491;22.599325
6.3552056;8.2490396
4.0711544;4.2564447
-7.9562342;-9.4527325
0.94505802;0.91973146
-2.2987095;1.7818851
-13.548546;23.986567
-12.821619;22.500203
7.1022524;11.59774
-12.990494;22.74186
-13.764116;25.86931
5.0309705;0.65721865
-13.997452;23.718657
-3.4230511;-2.0217943
2.5070838;5.4372662
2.4487853;5.0590559
-12.67345;21.762995
3.215123;12.724618
-11.716079;23.487593
-7.4266443;-6.0831868
-12.384588;22.264503
4.8907125;10.039623
-12.504344;22.293364
1.0893117;0.90960722
-11.967225;22.460559
-11.993444;22.256716
0.27611301;0.64396122
-5.3618464;-5.3115975
10.332303;14.022359
4.4832901;6.9083292
-12.642508;22.866096
-12.908186;23.421307
4.9589609;7.2802771
-13.429912;22.515116
-2.815364;-4.0582374
-13.690159;23.667452
-13.056095;23.573284
-11.932892;21.265483
7.3700645;12.487383
-14.172554;24.546279
-1.1640953;-1.9799213
-11.978847;21.432623
0.30135968;3.366529
-12.491033;22.367767
-13.613988;23.965528
-0.6362736;3.9020256
-3.7680249;-2.7387473
-12.066131;22.81408
4.1275228;4.7396608
10.622878;11.880293
1.0401601;7.3528818
-13.409015;23.505181
-12.893894;22.077763
5.837059;7.2646891
-14.147474;24.230655
3.3821601;6.1565725
-2.7962059;-2.3489104
-12.855522;23.181717
-0.8486498;0.36012554
5.3816387;4.0714333
4.3674005;5.1293031
6.9241791;11.811049
-12.244235;23.177659
0.21952116;1.527869
-14.227935;24.257445
-5.6970596;-8.7967592
-11.796332;22.146365
3.1131916;2.0558541
-11.716675;21.955115
-13.694578;23.39488
-13.025374;23.863798
-12.144321;22.616054
6.3213603;15.658605
-15.650046;23.852495
-6.4866148;-3.9452542
-13.444757;22.610067
-13.507635;22.713111
-14.51886;25.283105
-13.223013;22.234425
-12.85899;21.860363
-14.593999;25.419768
-0.72972303;4.017734
-13.003532;23.255433
-11.845273;22.417966
1.1544921;-8.5438434
-12.755216;21.343281
-7.4602779;-6.4093236
-11.056292;22.547955
5.0588694;-0.77116671
-12.304607;22.418479
-1.8886507;1.3012523
7.9114236;10.89001
7.4544258;12.682152
10.018351;11.535946
-13.537791;23.308671
2.7123292;2.0275926
-13.452041;22.237191
8.4481729;15.710346
1.3592881;0.81235295
-11.197734;21.101192
-5.5805596;-6.4745624
-0.2845197;1.7667098
-12.962267;23.430821
-13.378359;24.218339
-1.5938598;-4.4917298
2.4249328;4.2257548
6.0526977;7.6531309
-13.442064;23.002475
-13.348265;23.737188
0.14094889;4.0364104
4.1346899;3.8817165
2.7228632;2.6497767
5.662076;4.5626552
-12.259762;22.425054
3.0625177;1.2037929
-2.6018313;-1.1000001
-13.609796;22.898221
11.802925;16.050171
4.6661098;2.4830737
-13.392421;23.899757
-13.366105;24.086195
6.1675542;9.6251511
-12.722612;23.141464
-4.0795469;-2.7481742
-10.715577;21.619655
2.8499729;2.6905211
2.2326922;6.2844968
3.1372387;7.7104112
-11.322701;22.608255
-14.174335;24.992501
-13.825772;24.455932
-13.014889;24.224954
1.8926388;6.2907947
-13.341027;23.835781
-14.400142;22.863341
1.7858279;3.0832039
-2.4333128;-4.0279472
7.5998559;5.9832481
5.0525669;7.451666
1.8290759;3.81003
-15.195664;25.321673
-12.419581;22.056019
6.7717322;9.2758877
8.6701091;8.655923
-12.761138;23.020847
3.5189935;6.1712517
2.4523469;0.094341399
-11.824406;22.249415
2.0075853;0.89952803
-14.747769;24.600636
2.1014619;9.4809491
3.9170397;4.5390655
-4.0279772;-0.23203538
-2.6733822;-0.81800757
-1.9414905;-7.3158523
4.6987189;6.2014519
-14.997635;23.576584
7.5816512;6.9225826
5.4811579;12.768651
-14.052299;24.280509
3.4578657;1.6269852
-12.084253;22.849281
0.52512914;-1.3264539
-11.581642;22.66393
-14.747388;24.945211
-13.619776;23.795323
3.2584102;2.1620675
-13.139827;23.410275
-11.954835;22.887108
-3.00023;-7.3232131
3.9050092;0.86580375
3.0663613;3.636592
-12.449407;22.180513
1.0765124;2.7424827
7.89831;10.366282
4.1393566;6.9189772
4.5833373;4.3399937
2.8591043;10.796063
-5.5406362;-4.2912643
-1.7832855;0.84854991
5.5461818;2.0877401
-5.8360176;-0.08416163
0.92016763;1.1227606
-14.360804;23.771609
-13.178316;22.473835
-11.692984;21.208595
-13.863188;23.620118
1.0681256;1.1162523
-10.772616;21.294958
-1.7737488;-2.9588156
-1.5539191;0.16941989
-14.089043;23.635797
-13.620584;22.218686
-12.308835;22.813209
-13.441169;23.592496
4.6771315;5.0526794
-11.640354;21.79624
-1.8627373;0.85685078
-15.257204;25.166266
0.42988028;1.7841147
-11.925741;21.88498
1.7241935;0.95927076
-13.032526;23.076278
3.5349295;3.3423114
3.178267;4.4783301
0.92904745;-1.7830085
-14.73674;23.919224
1.2721478;2.6167799
-13.185701;24.02344
-13.324915;22.347094
-5.2283905;-3.6654621
-14.016758;23.471806
3.0022248;7.9359706
0.11201673;0.53214505
-13.448536;22.964455
2.919724;4.2466484
-12.792726;23.119966
-11.578225;21.854074
-13.222485;22.681881
4.7680423;9.7526537
-13.649484;22.91665
-14.651936;24.902552
-12.309383;21.948613
-13.812233;24.268277
7.3870756;9.5523888
-13.875472;23.845428
-5.6784662;-3.7890863
2.645958;6.1622017
1.8292636;0.023952987
9.926783;9.8102691
-12.711983;23.378281
2.7300534;1.6579327
-13.782105;22.257249
-1.0686391;7.3471433
9.6354033;12.721347
-11.726859;21.911979
-12.282632;22.016385
2.5741689;7.2643358
-14.723599;24.732268
6.1123323;3.5669212
6.1508558;8.4405625
3.1557823;5.570689
-14.246878;24.098362
-13.923381;24.478988
-4.6325341;-3.6357603
5.0790758;4.5574283
4.125488;4.0264623
-13.531308;24.227768
-7.3067365;-4.7253434
0.50372096;7.8356667
7.081828;6.3456111
-12.485063;24.430917
9.3315201;10.082244
-12.24669;22.866457
-3.4445885;-0.8097177
-11.697119;21.497324
-5.5105147;1.4202461
-11.275737;21.188901
-11.928002;22.221113
7.0420755;10.492017
-13.205144;23.683555
-11.206182;21.117693
7.9600897;9.10699
-13.004872;22.122758
-12.500951;22.710364
3.3102063;5.8045523
1.8834832;6.1467899
-13.477232;24.240874
-13.590599;23.905502
-3.4705093;1.7897719
1.1199089;0.40863006
3.687762;6.7562376
3.3400243;-0.48387887
-13.223733;22.512274
-12.488978;24.69389
-14.863233;24.33985
-13.885708;22.098924
-12.841486;21.585067
-3.2558211;3.1224149
-13.979501;23.361391
4.8993087;4.2987273
-4.7200154;0.85480303
-12.362666;22.403867
-13.095097;23.413512
-13.34034;23.296727
2.5271099;-3.1685431
2.378369;0.63451814
-0.087200628;-1.1963289
2.1325181;0.041160079
1.1493854;1.6185469
-13.408758;23.271691
1.6944425;13.075827
-2.0457463;-2.7946494
-13.426678;22.701106
5.4151349;8.692224
-13.154075;22.857001
7.0234036;14.524737
-13.657614;23.277369
4.5796362;6.2091422
5.4368161;6.0346208
9.9820017;9.4991492
3.9749809;-1.9885853
6.6442022;8.9322538
-14.445606;24.429378
3.4572514;8.9848815
0.048291816;2.6109927
-13.019369;21.809412
-11.946515;22.357914
-3.4871491;-0.99950138
2.4412224;6.1366167
2.5560372;11.560112
-12.705821;23.328235
3.4423296;3.9429614
-14.033427;23.278478
-13.590453;23.141679
8.4266583;11.713817
3.7335016;8.4086024
-13.237965;23.18685
2.6120696;1.4032276
0.21936045;-1.8621288
5.7034498;7.5608752
-12.41696;21.623124
-13.953621;23.68413
-2.7178652;0.40093475
-0.61179978;-4.639115
3.836274;5.3109752
-12.855991;22.808097
-12.936328;22.578374
4.8967488;3.6600581
-13.719296;24.10974
-5.845475;2.3639524
-11.959914;22.975388
-12.915953;22.813001
-12.61939;22.274899
-0.70859872;4.3937262
5.5905477;6.4601149
-12.328443;21.925612
-13.522712;23.438212
0.68542254;7.2545547
-3.2672307;1.6388352
7.4194282;5.5114044
-14.155727;23.314349
8.9222931;11.131773
-12.393271;22.959751
-10.307116;20.635821
8.5763614;9.0231783
-0.21610524;0.25268015
-12.656438;22.508873
-12.176553;22.038773
3.7563258;0.10929595
-13.793732;22.978987
-11.84289;23.132797
2.748889;7.7680162
-12.569159;22.663946
-12.870598;23.371965
2.1065425;5.129373
-14.614243;24.547488
1.1000138;-4.0448546
0.22216629;2.1641132
1.4553889;5.2240905
-2.039617;5.0461714
-5.3706392;-3.5642255
-2.3851184;-1.7937768
10.148232;17.51599
-3.3965663;-1.607656
3.6779435;12.411777
3.4547256;7.0414268
0.43711905;3.9877761
-15.002163;24.915673
-12.492041;23.109938
-12.860095;21.695997
6.9343345;12.126758
-12.951826;24.026716
-14.683517;23.521326
-0.29632982;0.72505704
2.0290601;1.2470146
0.92793813;9.5103845
-12.382262;22.804038
-13.318867;22.656476
-12.437943;22.065466
4.3607305;4.86485
-11.526581;22.197951
-2.8584134;-0.37458343
-12.923845;23.805018
-12.357074;22.182662
0.68991864;-3.0205639
-12.211687;23.095962
-11.97226;21.965575
10.007627;10.840417
7.5909698;12.844122
-14.079222;23.727064
13.865481;15.019839
-15.92729;24.7243
-12.719926;22.386101
11.574081;14.507198
10.471246;9.003546
-14.479868;23.154147
-14.184646;24.610564
3.4879421;6.0803578
2.4896525;7.9542445
5.0197532;7.4491988
-12.389966;22.772457
5.9559807;6.4144474
6.9041206;10.884814
-12.423782;21.865203
-13.061854;23.255682
4.2417618;10.561066
-13.199371;23.748994
-12.861977;23.611768
0.46006587;1.6286945
-12.169;22.565536
6.9670769;12.786565
3.2971109;0.81645062
-11.725303;21.595572
-13.119492;22.792364
-11.909747;22.434433
2.8035539;4.4296956
-14.334303;23.030092
-12.083136;21.915593
2.2210785;-2.2381481
3.885522;1.2848665
8.8131732;11.61161
-11.848628;22.347143
-11.952345;23.667898
-6.9422106;-9.1840355
0.69723479;8.3980389
2.6777275;5.8839629
4.9568079;5.7751742
-11.367102;22.814968
-11.646599;22.354444
-13.28494;23.399331
-14.415857;23.545784
-12.425526;23.575158
-5.8427735;-4.9319674
-13.48615;23.598956
1.9243428;3.6411674
3.8827891;8.6495736
2.9252423;5.5062663
-11.585568;22.234544
-12.442883;22.476243
-12.44544;22.635868
5.0985852;0.37972128
-12.546173;23.333966
1.418946;0.53361027
-14.487802;24.076414
2.5526143;5.897181
2.1417701;9.1177844
-12.839658;21.372503
2.9235508;3.6079993
-14.427542;25.448731
-13.81034;23.941899
-13.59117;24.032414
1.1086853;6.2829295
-14.825464;24.718586
5.7796022;5.2787201
-13.85928;23.398598
-12.923718;23.470359
-13.556514;22.905267
-13.8407;22.888602
-12.085651;23.102658
-1.7414892;-5.601661
-15.629051;23.722959
-14.214938;23.628393
-12.302936;22.011013
3.9662332;4.0036173
-12.201454;20.588808
2.5775668;0.83991999
10.776332;15.397791
7.2449463;9.2799803
-12.657857;21.664544
1.5051301;-3.4643895
-0.23752135;-3.4496413
3.1004077;4.5247812
-11.997776;22.603699
-12.998037;22.651747
2.5393835;0.57836474
-12.759514;22.533686
-5.9376244;-5.054115
-13.635432;22.984384
-11.806803;21.656834
-3.5555691;-1.2255842
8.7356201;11.959266
-0.077774444;4.3810707
3.3086102;6.6240668
-12.81741;22.385639
-13.041269;23.862331
-13.99762;24.176278
-14.487341;24.366336
-12.57956;23.633898
1.6820042;1.1869186
-12.762019;22.358124
-5.4262099;-3.5535868
0.3664509;5.1277041
-0.14201607;1.2066579
1.7075599;5.5559027
-0.25755925;2.3450256
-14.239045;23.990837
0.37667892;-1.4627531
-13.010539;23.866449
1.6112744;-1.5699201
-13.650639;24.346537
-6.2944007;-8.0548146
4.3523972;11.581304
-12.427938;24.535065
-12.54484;23.014905
-11.800488;20.326845
11.79985;12.989916
-12.786776;24.564289
1.1739388;1.1808906
-0.83171797;-1.4515292
-14.185888;23.597737
-7.4359405;-8.7537911
7.5244165;8.7608746
7.3399194;7.1876938
-0.50071046;-3.2118216
-12.800589;23.104962
-12.84904;23.689073
4.7636398;7.6935919
-14.065584;24.503138
-1.6486143;-0.93092056
-14.015092;23.548225
-11.922601;22.133776
-12.611561;23.209095
-12.920764;22.225893
1.9153941;4.5069571
-3.3600805;-1.2608366
7.4922873;10.168998
-14.68086;23.870325
-12.568933;22.564327
0.081842553;-6.1881143
-13.701057;22.84082
-15.748724;25.183006
-11.668413;22.045089
11.084084;12.908003
2.2392361;-0.83070442
8.5222048;14.880719
-0.29058495;2.7680444
-12.302838;23.413273
-8.9821687;-8.9038503
3.5707214;3.7216706
-12.671241;21.916647
-13.948586;23.823453
-12.213564;21.985486
-14.157975;23.787155
-12.618429;22.626498
3.2797549;3.8477581
-0.26762136;-1.5621765
-12.296553;22.209977
0.85185735;2.143448
5.1335998;9.999294
-4.1711524;-0.095170909
-13.877142;23.105562
-3.5366871;0.22050405
-8.4733184;-10.184816
-1.8489682;-4.4710133
-13.321951;22.496635
4.9991839;5.4436253
-12.747168;23.153786
6.2287453;6.6085265
6.931069;9.8112657
-14.122306;23.144546
-14.6223;24.844869
-12.267982;21.789655
-7.9152567;-4.8205936
-13.17627;23.739261
-13.565111;23.850515
-14.109454;23.78371
-12.30478;22.834903
-6.2866299;-4.9848984
-0.65408089;-0.22868813
-13.920369;23.971042
-11.439854;22.221017
-14.821657;25.067032
0.37793024;4.438945
-12.779649;22.960071
-14.222168;23.215396
-13.647647;23.40204
7.9546746;10.68499
-14.078613;23.306381
-13.406103;23.355441
0.40299999;-0.57983521
-14.829996;24.922894
-12.560739;22.825312
3.4949158;6.4284229
-12.556089;20.999692
6.1751623;7.3376322
-13.623826;24.378695
-11.529527;21.073083
9.086724;7.2530098
13.956621;14.340823
-12.214547;22.422036
4.5770424;-1.0650391
-13.025926;22.799137
-2.4965896;-3.028382
4.4567641;8.9806905
-12.814972;22.116352
5.5474533;7.7886202
2.5420181;3.6058226
-13.305176;23.808158
-2.148962;3.7580973
1.4373508;8.6954968
12.851483;18.773444
-4.1322115;-0.65790506
2.6277051;9.9256152
-14.553777;23.972176
-12.507173;22.96164
-13.209461;23.286438
-12.453944;22.461929
-14.106499;22.960021
-12.736985;22.703657
-13.766485;24.78143
4.5247791;2.0106741
-4.1949536;0.57182359
-12.012079;22.197204
-14.163413;24.837165
-13.816182;23.579067
4.1220686;-1.0036682
1.3607948;3.2739532
6.2399923;8.9846839
3.7187213;4.6058805
-14.190599;22.680288
-11.548944;21.619727
-15.397377;24.743056
-11.558323;22.754798
-12.656783;22.464931
-12.234139;22.131089
-12.701359;22.894393
-12.165012;22.40388
-13.082256;24.175723
8.257833;9.3070952
6.4413115;15.907225
-13.119675;22.850726
6.2457543;10.25948
-0.79317596;-1.861266
3.0917628;4.8878508
-13.464748;23.176416
-13.459046;23.48488
-7.06715;-8.8961148
7.8438499;6.3742494
-13.669131;23.197063
-0.49281722;0.81820216
-12.301073;22.081528
-13.951413;22.618423
-12.052663;21.984857
3.5562324;7.1046225
-12.339144;21.498119
-13.339057;22.451541
-12.045328;22.198466
-0.59033646;-1.1591094
-12.074158;22.215154
-0.061945802;-0.58096674
-14.532002;23.451856
-13.184695;23.307067
-13.946918;24.499087
-12.258073;22.919956
-13.326549;23.53715
2.4911368;5.1510351
0.58196912;-0.2517554
-3.9436861;-6.0136645
-2.8333883;-3.9065952
-13.491906;22.952403
1.7248379;-0.59279654
-12.361945;22.774573
-6.7894566;-4.9449512
-1.718466;-0.49210768
-2.3221349;-6.6539889
1.7489161;5.4233886
0.51486232;2.770032
6.1627449;3.739493
0.58225477;7.7828616
-4.3665108;-5.0082302
-13.410171;22.549306
-12.543386;22.422987
-1.1241043;2.7504723
-12.406694;22.570633
-12.849063;23.212803
-11.745677;22.381799
6.4658017;6.5510771
-13.606383;22.34778
-14.978038;24.210211
-1.1380983;-2.21138
1.9086289;-2.2547416
-12.972309;23.991575
-3.72613;-3.1820258
3.4106917;0.19068708
1.9473795;6.2676311
-11.777837;21.823596
4.0963832;9.6091036
-11.586099;22.333592
-7.8510566;-11.137132
5.2449271;0.23895431
-12.886716;23.816492
1.2218776;3.6563574
-12.638342;22.577811
1.8896275;0.89190441
-13.532201;24.129509
10.753035;11.420719
5.5729761;10.834011
-11.368145;21.779327
-1.0263446;1.9877198
-14.232105;24.756594
0.4157235;4.0631849
-5.3834264;-5.8158697
-13.437642;23.055998
-11.490306;22.328902
-13.589407;23.816239
-0.69364469;4.8455635
-12.67195;23.278735
-0.78223299;-0.94774113
2.4004697;6.407248
-4.5410713;-7.2588453
-12.342298;21.97129
-13.120378;23.371084
-2.2139933;-0.44194002
-12.373884;22.361478
-12.943351;22.950268
-13.684637;24.298558
10.048739;16.650749
1.7194362;4.1534254
-12.636057;23.111873
-13.933874;23.547375
-12.046874;22.317808
11.670476;12.539758
-12.674582;23.55653
12.555717;11.998889
-13.402985;23.375539
-2.3794161;-1.2103664
-13.225783;23.134563
-13.61465;-14.836715
-13.554041;22.971835
-12.74465;22.681582
0.98211657;2.4838246
-13.126578;23.132938
6.2795638;13.311039
-12.030435;21.41363
-3.3569932;-2.9003183
-13.554088;22.890397
-3.4271375;-2.4118976
-12.529448;23.107851
-2.3746506;-0.62996777
-15.163564;24.517732
3.5896028;6.0935329
-5.3130007;-7.3681721
4.0528156;13.181937
-12.509626;22.071879
-12.002644;22.65789
-12.906854;21.915768
-13.164991;23.185403
-4.7311257;-0.42164843
0.42439887;0.27901289
1.4891323;0.68515127
-1.7621346;3.1438374
-12.65396;22.616801
-12.674179;21.937992
3.9060896;9.3473588
-14.100317;24.816918
-13.43373;23.497879
5.0436685;9.2513577
-13.011652;21.394676
-11.483584;21.643126
1.1202802;3.7648373
0.35602456;4.3462654
-1.9808438;-3.4789368
-3.040751;-7.7050703
-0.11788757;-0.90499639
-0.041928913;1.0966813
-12.629564;22.292907
-13.201447;23.96461
2.6162374;1.9067412
-13.157605;23.019484
-2.9480912;-3.324788
-10.883287;20.952308
1.1556463;5.5687825
-10.767531;21.600062
4.2782327;7.3434013
-12.903932;21.71562
-14.037998;24.612736
-0.60642756;-1.0810064
10.663092;11.507396
5.0693596;13.068664
-13.84257;22.390952
-14.067183;24.191561
0.45359323;0.70111279
2.9777325;10.560829
-14.439219;22.8536
2.2574324;8.4738103
-14.493549;24.882158
-13.400223;23.553718
-0.57883884;-3.3090977
-12.708902;23.019113
-14.466081;23.919548
-16.078963;24.758365
-13.133781;23.352112
-7.8753223;-11.486091
1.0687428;-2.9470521
-13.993468;23.303915
8.1969972;11.589929
-1.6379143;-1.729865
-1.9919299;-5.7927545
-11.851567;21.986913
-13.400828;24.776591
5.0016576;7.2264479
-4.537068;-4.6212836
1.2912859;5.4165738
-12.387083;22.710634
-1.3657159;-0.80653976
-13.717021;23.024528
6.232165;10.761986
-13.747576;24.394122
-13.196123;23.295682
-11.913429;22.78325
-1.9669775;-3.1666854
-11.993961;23.598874
-11.831594;21.253152
-14.446999;23.415246
-10.61038;-4.3583167
-13.12226;23.03575
-13.012931;21.628092
-1.074816;-1.2580602
-12.293045;22.354023
-12.813413;22.364892
-5.9287109;-9.2949906
8.9073743;5.8588705
12.331222;12.794004
8.1803212;8.6339574
-11.769171;22.529588
-10.642682;20.70926
0.24746538;-3.0781916
-12.163026;22.81199
-12.644847;22.519565
0.55174255;4.7837962
-14.085131;23.369913
-2.3092059;0.078025028
-13.029904;24.032246
-13.325833;22.908081
-12.566435;23.356159
-14.100867;23.85164
1.8030714;1.5455815
12.613664;13.969009
-13.099348;23.607543
-11.036396;19.90046
-10.971005;21.110797
3.961682;5.07234
-12.332711;21.864836
4.5552027;1.9710054
1.9608334;3.6725466
-13.271724;22.999352
-12.475662;22.655756
1.7998579;4.441247
3.9229719;6.9523958
2.1087398;2.5292769
6.5677348;5.0484403
3.6182064;1.6005611
-12.530776;22.717246
1.017219;3.2245306
-12.661819;23.694732
-14.373565;23.937885
-0.5885491;-2.2260473
-12.720524;22.132236
-12.703611;22.363708
-4.689606;-7.6084885
-14.567217;23.568126
-12.593855;21.424065
-1.898958;0.72654859
-12.469098;21.544009
3.2895067;2.8776337
-13.771932;23.269822
-11.281966;21.530293
0.53834351;7.2442399
-1.6721972;-5.4343179
4.205041;4.6514189
-12.677186;21.873206
1.5983899;10.278944
8.8965079;14.117554
-13.661416;24.127597
-12.551163;22.320159
-13.488813;23.818517
-13.134267;23.279406
-12.98019;22.993963
-12.230667;21.769075
1.2107217;4.6286092
-13.495939;23.661496
1.1861132;1.5000107
-13.20792;23.591432
-14.002049;23.94448
-12.776994;22.604186
-13.460339;24.446637
-11.197754;20.345905
1.6047093;5.1931276
-1.0860661;0.10666428
-12.272433;23.100932
-13.699481;23.650977
4.1832289;6.4700596
-13.086392;22.335624
-14.137789;24.273223
-15.218573;25.21172
-1.9274347;1.866394
-2.4197225;-7.8176663
-4.5646304;-1.487264
-4.0588004;-1.4212378
-12.748701;23.042235
-13.961464;23.306405
10.165008;15.400023
-0.26838047;-0.47238773
-11.62782;21.464044
-11.76398;21.551597
-12.407164;21.929613
-13.836934;24.416846
-6.9048983;-10.421315
-11.883052;21.706437
7.6383977;8.4429257
2.5684074;4.4061655
-13.500261;24.690431
-11.941767;22.060373
-1.6686769;-5.8012476
-13.005732;22.758422
-1.0387634;3.2529561
-12.734653;23.389316
-14.133535;22.847417
2.3704295;0.67048683
-6.7453702;-2.9768985
3.3746724;2.3510106
-2.7930144;-1.903045
-13.633268;23.022593
4.0146692;5.9834507
2.8562217;4.7890082
-0.40669773;1.6835249
-13.270255;23.4377
-13.725654;24.760866
2.5654606;5.4434728
-0.80444965;-0.21905752
-11.521125;22.326383
-13.497664;23.412008
2.4604253;7.439614
5.7364561;5.2132075
-13.026203;23.083104
-12.345299;21.225329
-14.257418;24.988984
2.1193763;1.5836524
-13.651218;23.615773
-1.4711422;0.31932176
2.0710834;0.71303916
-11.6797;20.45199
2.322131;1.2279088
-4.1779669;-3.5964176
-13.165372;22.732928
-11.817886;23.356293
4.4575463;2.1684678
-13.460952;22.784465
-2.6434843;0.0252336
-12.123999;22.440285
-11.181727;20.861501
-4.6860706;-2.444276
-11.952391;23.710446
-13.224092;24.375455
-12.440105;21.588462
-12.893565;22.50608
4.4444454;9.5285744
-11.88989;21.82297
0.29745786;-0.34657651
-12.567745;21.898692
-13.826575;23.070177
-11.8981;23.87677
-15.734301;23.559271
1.6534087;0.4321767
-12.882232;23.050815
-12.612812;23.065018
7.5634539;10.617544
-0.0045039169;6.5970398
5.8887584;9.5542126
-12.865171;22.293729
-2.1199028;0.29052975
-4.0285512;-4.398885
-13.694262;23.003862
-12.279722;22.250268
2.5381391;10.670203
-14.075609;23.095884
-12.82757;22.30316
-14.077943;24.551475
-12.804483;21.579546
-13.539193;23.254812
-1.7889272;-1.5210724
-11.890491;23.126569
1.1755696;3.8997592
0.2539895;-4.8393567
-14.022123;23.136553
-13.120967;24.284879
10.778821;16.643169
-14.288077;24.604924
-14.064747;23.265263
-13.208882;23.622971
2.3349358;0.12061115
11.03065;13.333304
7.9976321;10.683469
-14.308841;23.963802
-13.960075;24.021768
-5.7351942;-2.4093872
3.7787493;6.4297407
-13.443666;24.347667
-11.895041;22.879942
-1.1206685;1.9901537
7.2673106;8.6075697
-13.413546;22.805206
-13.925723;23.609764
-0.28390636;0.70511139
-13.987223;24.511224
-2.5148997;-2.3426974
6.6815369;8.7775141
-13.153248;23.188904
-12.75109;23.964682
-2.077778;-0.19525116
-13.01455;22.454998
-12.665838;22.372275
-2.0651306;-4.7471919
-0.084624438;-3.597926
-13.227142;21.8497
-13.100127;23.42866
-13.601782;22.368078
-13.938005;23.646045
6.1771305;14.668697
4.0020903;5.3612951
-11.771383;22.247879
-13.783577;24.691319
-11.317677;21.232523
-13.717848;23.022968
-13.180147;23.842321
-1.8126209;0.77591028
-1.229069;-0.45364977
-12.151627;21.845567
-12.647587;23.343956
9.957858;10.247073
11.941832;9.9935901
-1.7462009;3.6912435
-14.230504;23.962947
-13.282671;23.097562
3.0954131;7.3592887
3.9566387;3.3646576
-14.020254;24.228257
2.7984122;8.9717317
-12.589089;22.835868
-12.260407;21.545482
-12.754365;22.386788
0.22339127;5.5372584
-13.484546;23.613125
-2.9710553;-1.9107714
-11.567119;22.237568
7.1517204;11.818842
-14.864628;24.827628
-14.118932;24.394845
7.4397598;5.2913145
11.769111;22.671294
-13.373311;22.892776
-11.922572;22.186792
-12.265724;21.672697
-4.1019525;-3.6369499
0.76838237;4.0744883
1.2017063;5.9032825
-5.8950747;-1.8462152
-12.178345;23.028892
-1.486114;-1.6524547
6.5996296;7.8176987
2.3780608;3.9014357
2.3814198;-1.08751
3.5095499;1.8133025
-13.044517;23.719461
1.4768828;2.0688014
-14.604517;23.688478
-0.25821253;-1.3103205
-4.4211851;-3.6125262
-14.197785;23.755545
-14.013996;24.123043
-0.68829179;3.9691196
3.697998;2.6329707
-15.178038;24.238678
-12.287293;23.070791
8.7094412;10.325954
1.5450273;1.1367301
3.7989595;3.2071904
-13.702281;24.489123
-12.188119;23.461791
6.9670188;6.1199997
-13.864476;24.102563
-14.455604;24.042585
-13.182594;23.023024
4.4801156;5.9784347
4.5673267;5.4622478
-3.6685019;-1.359398
1.8260486;6.9893117
-9.2197108;-12.711359
-12.861265;22.504884
-14.312394;25.008385
6.0330405;7.4389425
4.0885684;1.5933367
5.9191859;8.4117083
-10.50715;19.753671
1.3315833;4.6137089
2.6969446;5.9236711
-13.47906;23.176811
-14.594446;23.30249
-12.596956;22.699535
-12.531478;22.459529
-12.884342;22.77157
1.438743;5.3607433
4.867029;4.929327
-15.127732;24.077723
-12.916615;22.555478
-5.3768043;-3.8468814
-2.4641543;-4.4640203
-12.212552;22.566741
7.9170535;9.0192642
-13.089742;22.618158
-2.730802;-0.62286374
9.4953464;6.7860708
-13.235644;23.208778
8.1729983;10.388845
-12.838395;22.710743
-13.772296;23.487637
-12.709254;22.477455
-14.556387;24.071165
2.9129063;7.4210363
-12.562896;22.661771
-11.989608;22.238971
2.3737708;8.1492543
-3.8473295;-0.19892657
4.9030996;11.11021
1.6227824;4.783544
-5.5301709;-5.5632164
-13.044953;23.027202
1.7922034;8.1432485
5.312831;12.301997
1.5173737;0.38033044
-15.192751;23.959699
-1.6738615;0.68351271
1.3028449;6.8179554
-12.132917;22.957351
-11.835469;22.519122
-4.3911561;1.4373235
-14.323606;23.649791
0.41189572;0.4741719
7.7920724;10.405321
-0.79098155;-3.5646424
-11.495463;22.344145
3.2522315;7.4895242
-6.521588;-5.5150685
10.34682;11.335164
-0.28570729;1.7223617
-12.328759;22.717425
-12.204285;22.559292
-12.322344;22.641996
-12.524003;22.807501
-11.798707;21.486344
1.5767303;-3.1290585
-12.704231;22.136145
-14.598595;24.013004
-14.352117;23.156218
7.8347041;7.186906
-12.90607;21.762445
-1.7122533;-1.6079716
-13.49871;23.078532
-11.965167;21.567048
-13.491328;22.919067
-13.677409;22.884612
6.0068284;8.4874502
4.0237657;8.2090993
-13.459747;22.303731
-10.762294;20.374582
-11.514174;21.975366
-12.930168;22.152326
6.5323501;10.698068
9.6221258;10.592507
-14.241883;23.812387
-11.309933;21.937434
-0.59431318;-3.5686239
-0.12039499;0.76728645
-13.92869;23.40713
2.7912924;3.0039569
-13.088994;23.275401
3.1584456;7.131452
-14.144754;23.634989
-13.460335;23.302273
-14.561687;24.734114
5.4027056;10.438502
-1.2862077;-1.6064688
-14.064057;23.36413
-13.929658;25.870841
1.6713711;9.892642
-1.7263148;3.6727215
-3.9537315;-1.90901
-15.371246;24.46522
-12.75035;22.446258
9.9534555;11.540331
-12.632369;23.345538
6.4015974;9.8417822
-14.003431;23.685929
-11.909951;21.176473
0.39946549;3.5096591
5.4192232;9.95164
-12.957739;24.084063
-11.19728;22.502736
-12.465789;22.364005
-14.038585;23.95469
2.4440712;7.6494597
3.9063488;8.3888334
1.3075173;1.9632858
2.035908;7.1239967
3.2862285;-1.2978473
-7.6108529;-5.0348145
-12.658227;22.472058
1.5075676;-2.3784628
-11.856111;22.311943
-3.8031908;1.0423227
-13.302207;22.79674
4.5832315;1.9270075
-14.451949;24.684463
2.7219632;-0.11480268
-12.87762;21.51916
-13.342273;23.482743
2.4261266;3.5626063
-6.0216682;-8.6167113
1.8632903;7.5086533
7.5159377;8.4856543
-11.544077;20.779351
3.6722286;7.3513921
5.0487842;5.1001009
-12.296516;21.97931
-14.555609;23.484013
-11.813576;22.241168
9.2203813;8.463657
2.5273337;5.1750525
3.1378433;9.1220858
12.130262;13.506281
-11.551354;22.315078
-0.2152598;3.2751222
-13.075576;22.4584
-13.647092;24.043927
2.2456664;3.8814918
-12.654297;22.905413
8.7825962;8.4831293
-12.080185;23.108337
9.265207;12.756111
9.0939236;13.576133
-13.164276;23.906841
4.2469502;2.450823
-13.244132;23.850599
-12.906358;24.22744
-13.387344;24.366929
0.66130933;0.21563961
-12.615553;22.891462
-12.746562;23.93903
-13.493467;22.733618
-14.819451;24.339563
-13.541382;22.876559
2.5993853;1.3809343
-13.023952;23.476505
-12.545342;23.250877
-1.0955147;-2.0748536
-11.129298;20.248766
-1.0998039;-0.036224408
-2.651438;-2.5595121
-13.56205;22.888955
-2.1460278;-2.1849489
2.9628117;6.8344694
-13.072668;23.446327
-11.098245;20.992558
3.4262458;-2.5381341
4.5355897;0.91775476
-14.455026;23.955034
5.7950193;9.6518175
3.865986;2.2836683
-12.422229;23.057082
0.088954152;4.8433348
-12.466745;22.274085
-0.1074897;0.44894575
6.1662145;8.7319331
-3.1877919;-3.1458444
4.3784955;10.362381
3.6379167;-1.7586437
-12.423649;22.803467
3.0744979;0.97449769
-0.32217602;1.7570353
9.9845762;14.677828
-14.184156;22.539552
-13.018266;22.66487
-14.64476;25.43945
2.6858993;4.2353039
-13.899643;24.757766
3.9860009;3.5670582
-12.072887;20.566617
-11.624732;22.091994
0.46686984;8.3156969
-11.373551;21.489449
4.9195047;8.1459146
-13.057066;24.015816
7.6239592;5.3073957
-11.138509;22.194332
-12.130509;23.074376
3.9580068;4.5857244
-13.210051;23.214727
-12.974096;23.273519
-12.962767;23.122633
0.48733737;0.76462025
3.420242;7.2909423
0.58125636;2.455677
13.063618;9.8522352
-14.01379;22.71713
-12.851213;23.318953
-2.9879637;-3.4511501
-14.557253;23.306116
4.753437;1.5280379
-0.82665995;-4.5820584
11.265371;18.811027
-11.828038;22.064555
-14.441908;23.338309
4.2706189;5.4007998
-3.1406605;-2.6354033
-14.581238;24.3704
2.6074471;4.2220178
-12.407769;23.010105
-5.8657062;-5.362099
-6.8268228;-6.9335439
-12.415271;23.265366
6.3873953;9.1920202
-13.577424;23.882742
-13.248183;23.88669
0.61108914;-0.75628153
8.225006;12.847751
0.79369257;2.7138493
7.6591816;12.10272
-0.56586426;1.0196613
-13.686127;23.754859
5.7424173;8.5317114
-4.5715743;-8.3436033
-12.320329;21.81115
-2.2540248;-1.4704164
-12.917796;23.382844
-2.7610708;3.2266029
-12.414972;22.113185
-12.397841;22.433017
4.983994;5.4476139
-14.352966;24.362924
-12.317503;22.206993
-10.500344;21.562676
-12.498703;22.29965
-12.284443;22.618472
-13.506171;24.014628
-12.663072;22.931453
-13.936748;24.600487
-13.493452;23.926206
3.9082428;11.992838
-14.048599;22.763196
-5.3974971;-6.9236147
-0.55059328;5.0769654
-0.52404637;0.48779099
-13.305473;23.67147
-12.697655;23.444734
-0.77246952;-3.979607
-12.609101;22.659333
-12.305589;22.105063
-2.6517269;0.31707275
9.6086005;9.8620943
5.6507145;3.7930833
-13.998836;22.868964
8.3259967;13.937005
-12.932733;22.954841
1.5097092;7.6242013
-11.794805;22.407265
-5.3734927;-6.7295409
-12.407076;21.664157
7.5338305;16.16308
-13.711862;24.350702
-11.637235;21.921195
-13.301366;22.549108
-12.315398;21.027512
2.9119479;3.8943759
-13.368797;23.651647
8.356137;14.522385
4.478532;3.5260378
5.2607196;7.7919769
0.025921469;5.31088
4.4525325;4.2428621
